{
  "config": {
    "year": 2025,
    "event": "Mexico City Grand Prix",
    "session": "Race",
    "backend": "pandas",
    "cache": false,
    "max_concurrent": 32,
    "max_workers": 32,
    "num_runs": 1
  },
  "summary": {
    "async": {
      "mean": 1.09032455300121,
      "median": 1.09032455300121,
      "stdev": 0.0,
      "min": 1.09032455300121,
      "max": 1.09032455300121,
      "runs": [
        1.09032455300121
      ]
    },
    "sync": {
      "mean": 0.7875485469999148,
      "median": 0.7875485469999148,
      "stdev": 0.0,
      "min": 0.7875485469999148,
      "max": 0.7875485469999148,
      "runs": [
        0.7875485469999148
      ]
    },
    "async_step_averages": {
      "session = tif1.get_session(...)": 0.0009003240002130042,
      "drivers = session.drivers": 0.2379021520000606,
      "fastest_tels = await session.get_fastest_laps_tels_async(by_driver=True)": 0.7442676550003853,
      "session_fastest_laps = await session.get_fastest_laps_async(by_driver=True)": 0.021584665000318637,
      "ver = session.get_driver(\"VER\")": 0.00018444999977873522,
      "ver_fastest_lap = ver.get_fastest_lap()": 0.019287921999875834,
      "lap = ver.get_lap(12)": 0.0005429640000329528,
      "telemetry = lap.telemetry": 0.06190057699996032,
      "overall_fastest_ref": 0.0006822569998803374,
      "ver_fastest_ref": 0.0003345170002830855,
      "fastest_tel = filter by overall ref": 0.0014929490002941748,
      "ver_fastest_tel = filter by driver ref": 0.001244121000127052
    },
    "sync_step_averages": {
      "session = tif1.get_session(...)": 0.0008999329998005123,
      "drivers = session.drivers": 0.18649114699974234,
      "fastest_tels = session.get_fastest_laps_tels(by_driver=True)": 0.5077506640000138,
      "session_fastest_laps = session.get_fastest_laps(by_driver=True)": 0.019809529000212933,
      "ver = session.get_driver(\"VER\")": 0.00017963700020118267,
      "ver_fastest_lap = ver.get_fastest_lap()": 0.019387076999919373,
      "lap = ver.get_lap(12)": 0.0005641030002152547,
      "telemetry = lap.telemetry": 0.04869030999998358,
      "overall_fastest_ref": 0.0006012720000398986,
      "ver_fastest_ref": 0.00030902199978299905,
      "fastest_tel = filter by overall ref": 0.0014056069999242027,
      "ver_fastest_tel = filter by driver ref": 0.0014602460000787687
    }
  },
  "raw_runs": {
    "async": [
      {
        "run": 1,
        "total": 1.09032455300121,
        "steps": {
          "session = tif1.get_session(...)": 0.0009003240002130042,
          "drivers = session.drivers": 0.2379021520000606,
          "fastest_tels = await session.get_fastest_laps_tels_async(by_driver=True)": 0.7442676550003853,
          "session_fastest_laps = await session.get_fastest_laps_async(by_driver=True)": 0.021584665000318637,
          "ver = session.get_driver(\"VER\")": 0.00018444999977873522,
          "ver_fastest_lap = ver.get_fastest_lap()": 0.019287921999875834,
          "lap = ver.get_lap(12)": 0.0005429640000329528,
          "telemetry = lap.telemetry": 0.06190057699996032,
          "overall_fastest_ref": 0.0006822569998803374,
          "ver_fastest_ref": 0.0003345170002830855,
          "fastest_tel = filter by overall ref": 0.0014929490002941748,
          "ver_fastest_tel = filter by driver ref": 0.001244121000127052
        }
      }
    ],
    "sync": [
      {
        "run": 1,
        "total": 0.7875485469999148,
        "steps": {
          "session = tif1.get_session(...)": 0.0008999329998005123,
          "drivers = session.drivers": 0.18649114699974234,
          "fastest_tels = session.get_fastest_laps_tels(by_driver=True)": 0.5077506640000138,
          "session_fastest_laps = session.get_fastest_laps(by_driver=True)": 0.019809529000212933,
          "ver = session.get_driver(\"VER\")": 0.00017963700020118267,
          "ver_fastest_lap = ver.get_fastest_lap()": 0.019387076999919373,
          "lap = ver.get_lap(12)": 0.0005641030002152547,
          "telemetry = lap.telemetry": 0.04869030999998358,
          "overall_fastest_ref": 0.0006012720000398986,
          "ver_fastest_ref": 0.00030902199978299905,
          "fastest_tel = filter by overall ref": 0.0014056069999242027,
          "ver_fastest_tel = filter by driver ref": 0.0014602460000787687
        }
      }
    ]
  }
}